{
  "project_info": {
    "project_number": "1094621377866",
    "firebase_url": "https://forenseekapp-daa16-default-rtdb.firebaseio.com",
    "project_id": "forenseekapp-daa16",
    "storage_bucket": "forenseekapp-daa16.appspot.com"
  },
  "client": [
    {
      "client_info": {
        "mobilesdk_app_id": "1:1094621377866:android:764f18e8494c2fd6fdbdb3",
        "android_client_info": {
          "package_name": "com.example.forenseekforenseek"
        }
      },
      "oauth_client": [
        {
          "client_id": "1094621377866-qf5v41ljr4v672qabp5jvf2hg9cijb6f.apps.googleusercontent.com",
          "client_type": 1,
          "android_info": {
            "package_name": "com.example.forenseekforenseek",
            "certificate_hash": "4a78dd111e28d7ad704ab96e83de3bbdbdfbc5b9"
          }
        },
        {
          "client_id": "1094621377866-g67601joirnbiopmu6nptcl4fnteli2e.apps.googleusercontent.com",
          "client_type": 3
        }
      ],
      "api_key": [
        {
          "current_key": "AIzaSyC44RcdlXsgd5Vu3WXMMhEfXSAMkDff4RU"
        }
      ],
      "services": {
        "appinvite_service": {
          "other_platform_oauth_client": [
            {
              "client_id": "1094621377866-g67601joirnbiopmu6nptcl4fnteli2e.apps.googleusercontent.com",
              "client_type": 3
            }
          ]
        }
      }
    }
  ],
  "configuration_version": "1"
}